{"cameraMode":{"drawMode":0,"name":"Shaded","section":"Shading Mode"},"sceneLighting":false,"audioPlay":false,"sceneViewState":{"showFog":true,"showMaterialUpdate":false,"showSkybox":true,"showFlares":true,"showImageEffects":true,"showParticleSystems":true},"in2DMode":false,"pivot":{"x":-1.007415771484375,"y":0.4606550335884094,"z":-0.5733436942100525},"rotation":{"x":-0.03629819676280022,"y":0.9294470548629761,"z":-0.09513375163078308,"w":-0.35462963581085207},"size":3.0813145637512209,"orthographic":false}